store_id,product_id,Rows,MAE,RMSE,R2,WAPE,Bias
S001,P0001,91.0,3.644402495481044,5.020651047656282,0.9811616256357832,3.744812862339375,-0.2820176586435592
S001,P0002,91.0,3.7401551849373553,4.861215964885459,0.986368006364273,3.170508820021419,1.255029904247439
S001,P0003,91.0,3.797280402588331,4.667170993716434,0.9884880049967979,2.860060558148801,0.8812177549665806
S001,P0004,91.0,2.8910295307244507,3.6103647436771626,0.9912474146375923,3.0035813140304257,1.5012814063493634
S001,P0005,91.0,2.9717500760680133,3.6926922111390907,0.9924305923281349,2.569643262278499,-0.6796546113900502
S001,P0006,91.0,4.324534798269339,5.40556063116032,0.9814991058131494,5.003593981468657,2.0473934421140747
S001,P0007,91.0,4.092444005140078,5.614015237497505,0.9867810000853816,3.6170590954520896,0.17704166990503878
S001,P0008,91.0,4.4410796019985606,5.649553845735041,0.9770477855228037,4.6160850232080985,-0.3809885821451897
S001,P0009,91.0,3.970646347146245,7.35483264111826,0.9823602440186269,2.8366212717091246,-0.8925162239157676
S001,P0010,91.0,1.969508796231462,2.6497631887757844,0.9909462330058842,2.5246555917321176,0.14729279842315787
S001,P0011,91.0,3.294494013678263,4.631976713975474,0.9775649650732291,4.377266100813578,1.0551451400117726
S001,P0012,91.0,3.3442539528030744,4.2948353947545685,0.9897950987235791,2.870468871015655,0.5363731103073689
S001,P0013,91.0,3.268353998075628,4.127858827560339,0.9891069116280742,3.781566609343702,1.0012107191750168
S001,P0014,91.0,2.791328618545188,3.503096328447816,0.9922247312283137,2.542397200356442,-0.8753100618058252
S001,P0015,91.0,4.162453496610421,5.246908051869366,0.9836655615008544,4.555421144817178,-0.3699041799333333
S001,P0016,91.0,4.468802935952703,6.051060399884305,0.9808890076916289,3.86119509278101,0.040129514039288994
S001,P0017,91.0,2.818453478862556,3.6880536148659893,0.9933930952980685,3.058786721246185,-0.019745118025175267
S001,P0018,91.0,2.815425877914743,3.796418842861214,0.9922746648896911,2.484038732695769,0.9529315608889184
S001,P0019,91.0,3.0217153709684226,4.67387682821582,0.9829543409777922,3.993843119217523,-1.560848262390111
S001,P0020,91.0,2.012780887375636,2.5603387517612295,0.991258143616884,2.9045839002724843,0.18209821179037003
S002,P0001,91.0,3.6234765189981024,4.511547044411513,0.9900261805266103,3.1418424319087883,0.1046490879390864
S002,P0002,91.0,5.185893171966747,6.510586250137209,0.9761405475954317,5.63886101862796,-0.08835186313211565
S002,P0003,91.0,3.53511328464496,4.405658865148601,0.9875240133113706,3.419380409254798,0.8959020135857343
S002,P0004,91.0,5.929537090143068,7.352223624298468,0.9668123643106239,5.060850452101099,0.22185911999627178
S002,P0005,91.0,2.8908907188408355,3.4524750741070362,0.9917960017951909,2.9246365248973434,1.3069925029348786
S002,P0006,91.0,3.1300311087396655,4.008851227562658,0.9919242895143072,2.662735635180981,-0.5030411824829106
S002,P0007,91.0,3.0824854463612255,3.994213924036131,0.99140252281092,3.403788079345607,0.010578729436626556
S002,P0008,91.0,3.534789740267024,4.652556434849124,0.9880181071020928,3.09502421210718,-0.16024272679999182
S002,P0009,91.0,3.945049700035107,5.509403914313963,0.9864017539894132,3.2128111929765057,-0.6694335199310063
S002,P0010,91.0,2.9306943960314062,3.918692348429446,0.9911947475592907,2.3626257090614633,0.8292407654849482
S002,P0011,91.0,2.887408057717146,3.671762234448423,0.9924465716883765,2.6079814714864544,-0.5991455601972789
S002,P0012,91.0,3.4455030329151337,4.3185566741998995,0.98345428871506,3.7131783040653383,0.13758204700345544
S002,P0013,91.0,3.95157957206408,5.279701355692968,0.984596590096629,3.591268761188767,0.5456298391134778
S002,P0014,91.0,2.217607670635193,2.921849350551695,0.9931327310789504,2.5056158185721698,0.7546922033800684
S002,P0015,91.0,3.4757608948446452,4.800211334135949,0.9859279866616794,3.047444276239163,0.30085721244928415
S002,P0016,91.0,3.2847533611222968,4.359507695115405,0.9867898413691166,2.8188660492467843,0.6586355439650743
S002,P0017,91.0,3.370346397753557,4.341873068668497,0.9883954246698781,3.7831691401945684,1.0220733533236595
S002,P0018,91.0,4.073259304819036,5.607893729873496,0.9808839244017636,3.8502814660697235,0.9575874834270918
S002,P0019,91.0,3.6230015795663713,5.286242201566388,0.9799482503256012,3.1713461306323563,-0.15635770071574234
S002,P0020,91.0,1.6574933745908993,2.2028616218915924,0.9941062658896421,2.385071111444842,0.03687236234477049
S003,P0001,91.0,4.1881191307560615,5.334342321880614,0.9830110187620423,4.559928701828207,-0.12069415867991275
S003,P0002,91.0,5.208528192303116,7.207570962227053,0.9745455627129529,4.671555938296704,1.9008087899701667
S003,P0003,91.0,3.3580498066376077,4.194761413173412,0.9903297122753086,3.1409449316889946,0.045814893556984225
S003,P0004,91.0,3.4128518439267133,4.632688889297273,0.9899841697754486,2.7435469770082235,-0.5603341586388496
S003,P0005,91.0,3.1610720895860753,3.8942942611191818,0.9912811963024817,3.4720284870529006,-0.1297166714900919
S003,P0006,91.0,3.2670082463367573,4.194812376066837,0.989575681600341,3.4274585014600527,1.1290920227263224
S003,P0007,91.0,4.836439258827772,6.745758778956936,0.9780441177508012,4.045555405398725,-0.06032338247103407
S003,P0008,91.0,2.982976262348096,4.078269201181093,0.9892570965119672,2.589932638810006,-0.126381839523083
S003,P0009,91.0,4.7634783825644895,6.168493191674714,0.9824831929352433,3.882806635734222,-2.942054881465066
S003,P0010,91.0,6.956146966046947,9.499330592207867,0.963442877444692,5.942076165495843,-0.9400413603322831
S003,P0011,91.0,2.674453384693289,3.4399553558979914,0.9930645305103915,2.5131687113495387,0.39646556839623903
S003,P0012,91.0,2.319737958288948,3.0150474426039735,0.9913571491415848,2.9478585980211465,0.04610093297962833
S003,P0013,91.0,4.057866013426754,5.671236758167747,0.9797854021986616,3.569509977978101,2.124800653719396
S003,P0014,91.0,2.893413921677559,3.66942656345409,0.9926630926505154,2.376574301585503,-1.4905217154608255
S003,P0015,91.0,3.1447053741286557,3.8508844757401723,0.9923722689941833,2.782383947940765,1.4538774701696928
S003,P0016,91.0,3.0806058697255656,4.046445184623341,0.9905622863323876,2.8348178192438716,-1.8891219599065878
S003,P0017,91.0,2.152675137695346,2.702087109322682,0.9928017726460195,2.814560884055697,0.6340537604799305
S003,P0018,91.0,2.334831968735342,2.973442952892646,0.9905996951762137,3.119050339913625,0.6006382214154019
S003,P0019,91.0,4.108701577750501,5.04779911156837,0.9837254484722375,3.524621451501655,1.1286407711183095
S003,P0020,91.0,4.22800024863703,6.122516696497894,0.9795056539738453,3.440780027061078,-0.6284118122851687
S004,P0001,91.0,7.052508168767907,8.624919043894872,0.9617523775683533,6.075144295322601,0.40577283286838073
S004,P0002,91.0,3.675827141526038,4.899820951374165,0.9892176277757414,3.376403249004436,-0.7142550536229216
S004,P0003,91.0,2.736576791125065,3.7332876029367763,0.9896495027946431,3.510410036543289,0.7693461852328599
S004,P0004,91.0,5.177038759444455,6.873566468411265,0.9745170613591186,4.264215487956601,1.4672923327403902
S004,P0005,91.0,3.555475226945401,4.422172511876786,0.989020739768416,3.1137354022907466,0.3243702927247721
S004,P0006,91.0,5.807317679872406,7.373593599909304,0.966105810018349,5.1337275001786375,-0.40186079200696284
S004,P0007,91.0,5.575504778553997,7.16136281640262,0.979176829674004,4.683135821011756,0.9716865200158363
S004,P0008,91.0,2.1500235746541154,3.2648708873486925,0.9902376097525909,2.881050585974444,-1.064796625560588
S004,P0009,91.0,2.97367510186642,3.8881390800023947,0.9915665813408607,2.617064161217062,0.22997825122100157
S004,P0010,91.0,3.75263489350952,4.791074244684935,0.9882617992775634,3.2113012536145042,-0.6472149269416386
S004,P0011,91.0,3.5375799879655268,4.828848305176116,0.987535173135732,3.0201686734671447,-0.39446415115073674
S004,P0012,91.0,2.6595506008967287,3.4333461172701187,0.9928393298906069,2.413674126674003,1.6352889379392175
S004,P0013,91.0,3.569689867245356,5.110088016104504,0.9862925025256186,3.125883159346876,-1.114481327040511
S004,P0014,91.0,2.7709378205213753,3.699259305964218,0.9874011511298023,3.6886387019813514,0.4020401378999817
S004,P0015,91.0,2.185476339910334,3.021650106508705,0.9902236021053067,3.10117490927554,-0.5783489133943069
S004,P0016,91.0,3.743037689344622,4.762425195248141,0.9691160097438088,4.983415211856044,1.753497108640794
S004,P0017,91.0,3.7402182115896405,5.0725136122687156,0.9842259624967356,3.1436211069978506,1.4474094712665018
S004,P0018,91.0,3.0900598017662277,3.880994850237864,0.9816129355093062,4.299624494812336,0.8319539882061158
S004,P0019,91.0,3.8803024606274814,5.2404744041611275,0.9819955184991731,3.3164978295961376,-1.244307962841628
S004,P0020,91.0,2.0035574798349205,2.6783253106649068,0.9916614198255693,2.8689808129815537,0.23122963674921315
S005,P0001,91.0,5.892851389524173,7.292267643029639,0.974479357061854,5.1242185995862375,0.2874796376280653
S005,P0002,91.0,4.535427231422205,6.186328570989162,0.9697788387257548,4.688978391949792,-2.2789969761432007
S005,P0003,91.0,3.1114900795358142,4.57373474608008,0.9869055653793888,3.520835578683898,-0.5138118403229277
S005,P0004,91.0,11.612684740750883,14.823698137826902,0.8906427453193824,9.648080995237198,-2.8173781878491644
S005,P0005,91.0,4.602709897262158,5.790449469707528,0.9809214704088317,3.902418714719616,0.8825580200828796
S005,P0006,91.0,3.5808790869965192,4.853008993240162,0.9889321632818674,2.9045369187689034,-1.3911081814628805
S005,P0007,91.0,3.2106238079401432,4.280232789435892,0.9902887795327562,2.8702894834713923,0.4710578107065997
S005,P0008,91.0,3.9438528920528464,4.929966722281782,0.9882421315498766,3.210974440161126,1.4028783124255864
S005,P0009,91.0,2.636094091542929,3.4498299178508938,0.994731670949225,2.2534951839399393,0.7333188816147103
S005,P0010,91.0,3.5865435819380567,5.72874787809643,0.9849975864800614,3.1530814989504696,-1.5684377140522732
S005,P0011,91.0,3.3143589708922567,4.619618504235612,0.9864739526678514,3.509911164333706,0.7720626817000497
S005,P0012,91.0,2.555112655659597,3.414613497844255,0.9886195644715087,3.1829603239565145,0.29860875601481135
S005,P0013,91.0,3.658858947610657,4.940435131373018,0.9870002576515152,3.224444743681675,0.4695679691174699
S005,P0014,91.0,2.876694535613645,3.8200076322571572,0.9843952753965454,3.737567143644228,0.9044843245970162
S005,P0015,91.0,5.722840116234664,7.70731292656724,0.9625642336875613,5.101170051693157,-0.1349223505364923
S005,P0016,91.0,3.3563283052780655,4.023170461486832,0.9914878372684216,3.5090289037259184,-0.1382051418420899
S005,P0017,91.0,4.497239249855554,5.9130014212738775,0.9821272225532748,4.9035318923658675,1.172433003966554
S005,P0018,91.0,3.896598774481223,5.065724271379632,0.9867176742624664,3.10499552082129,-0.6332445007887109
S005,P0019,91.0,2.296013759326767,2.879339608362488,0.9911571189960725,3.0497336461645865,0.5810320265274519
S005,P0020,91.0,2.9567068366180385,3.8722204812573717,0.9876896801671627,3.6105786652206318,0.6023641273485748
